BLEU,ROUGE_L,H_token_mean,Sharpness_mean,E_mean,MI,VR,ECE,NLL,Brier,gen_len_char
-0.05893999999999999,-0.25576,0.029000000000000026,-0.10660000000000003,-0.004559999999999998,0.0017800000000000316,0.0,-0.06029999999999999,0.13007999999999953,0.11180000000000012,-202.5
