category,BLEU_mean,BLEU_std,BLEU_count,ROUGE_L_mean,ROUGE_L_std,ROUGE_L_count,H_token_mean_mean,H_token_mean_std,H_token_mean_count,Sharpness_mean_mean,Sharpness_mean_std,Sharpness_mean_count,E_mean_mean,E_mean_std,E_mean_count,MI_mean,MI_std,MI_count,VR_mean,VR_std,VR_count,ECE_mean,ECE_std,ECE_count,NLL_mean,NLL_std,NLL_count,Brier_mean,Brier_std,Brier_count,gen_len_char_mean,gen_len_char_std,gen_len_char_count
creative,0.02854,0.031266602120525754,50,0.18472000000000002,0.13358113639283056,50,0.15896000000000002,0.01668429543869665,50,0.3858,0.061693779661969095,50,0.022080000000000002,0.0034335677880452647,50,0.13082000000000002,0.01929332125109514,50,0.0,0.0,50,0.1096,0.04719088462655405,50,2.5767399999999996,0.8163966325461253,50,0.6612600000000001,0.10251825322789095,50,618.34,226.83857516673285,50
deterministic,0.08747999999999999,0.08740948437774744,50,0.44048000000000004,0.2915792495626364,50,0.12996,0.03163759066138164,50,0.4924,0.11089690008733158,50,0.02664,0.004308321326579672,50,0.12904,0.027013949533301412,50,0.0,0.0,50,0.1699,0.1144973486904516,50,2.44666,2.1770532940895415,50,0.54946,0.22127563474231007,50,820.84,497.37159598211457,50
